{"last_pointage_times": {"4": 1747500208.1742427, "5": 1745966193.721832, "6": 1745966533.1237113}}